<?xml version="1.0" encoding="UTF-8"?>
<project-private xmlns="http://www.netbeans.org/ns/project-private/1">
    <editor-bookmarks xmlns="http://www.netbeans.org/ns/editor-bookmarks/2" lastBookmarkId="0"/>
    <open-files xmlns="http://www.netbeans.org/ns/projectui-open-files/2">
        <group>
            <file>file:/Users/danielohara/Desktop/test/CapstoneProject_CMU/Project1Task2_1/web/4.5_CreateTable-yellowFlag.jsp</file>
            <file>file:/Users/danielohara/Desktop/test/CapstoneProject_CMU/Project1Task2_1/web/4.0_CreateTable-initialize.jsp</file>
            <file>file:/Users/danielohara/Desktop/test/CapstoneProject_CMU/Project1Task2_1/web/4.7_CreateTable-Successful.jsp</file>
            <file>file:/Users/danielohara/Desktop/test/CapstoneProject_CMU/Project1Task2_1/src/java/Capstone/CreateTableFormServlet.java</file>
            <file>file:/Users/danielohara/Desktop/test/CapstoneProject_CMU/Project1Task2_1/web/4.3_CreateTable-columns.jsp</file>
            <file>file:/Users/danielohara/Desktop/test/CapstoneProject_CMU/Project1Task2_1/src/java/Capstone/MappingTable.java</file>
            <file>file:/Users/danielohara/Desktop/test/CapstoneProject_CMU/Project1Task2_1/web/4.4_CreateTable-redFlag.jsp</file>
            <file>file:/Users/danielohara/Desktop/test/CapstoneProject_CMU/Project1Task2_1/web/4.1.2_CreateTable-FileNotFound.jsp</file>
            <file>file:/Users/danielohara/Desktop/test/CapstoneProject_CMU/Project1Task2_1/src/java/Capstone/MappingColumn.java</file>
            <file>file:/Users/danielohara/Desktop/test/CapstoneProject_CMU/Project1Task2_1/web/4.1.1_CreateTable-Upload.jsp</file>
            <file>file:/Users/danielohara/Desktop/test/CapstoneProject_CMU/Project1Task2_1/web/4.6_CreateTable-ColumnMapping.jsp</file>
            <file>file:/Users/danielohara/Desktop/test/CapstoneProject_CMU/Project1Task2_1/src/java/Capstone/MappingETL.java</file>
        </group>
    </open-files>
</project-private>
