<?xml version="1.0" encoding="UTF-8"?>
<project-private xmlns="http://www.netbeans.org/ns/project-private/1">
    <editor-bookmarks xmlns="http://www.netbeans.org/ns/editor-bookmarks/2" lastBookmarkId="0"/>
    <open-files xmlns="http://www.netbeans.org/ns/projectui-open-files/2">
        <group>
            <file>file:/Users/danielohara/NetBeansProjects/CapstoneProject_CMU/Project1Task2_1/web/4.3_CreateTable-columns.jsp</file>
            <file>file:/Users/danielohara/NetBeansProjects/CapstoneProject_CMU/Project1Task2_1/src/java/Capstone/MappingTable.java</file>
            <file>file:/Users/danielohara/NetBeansProjects/CapstoneProject_CMU/Project1Task2_1/web/4.1.1_CreateTable-Upload.jsp</file>
            <file>file:/Users/danielohara/NetBeansProjects/CapstoneProject_CMU/Project1Task2_1/src/java/Capstone/CreateTableFormServlet.java</file>
            <file>file:/Users/danielohara/NetBeansProjects/CapstoneProject_CMU/Project1Task2_1/web/WEB-INF/web.xml</file>
            <file>file:/Users/danielohara/NetBeansProjects/CapstoneProject_CMU/Project1Task2_1/web/4.0_CreateTable-initialize.jsp</file>
        </group>
    </open-files>
</project-private>
